Headline,Source,Description,Link
Apple IPhone 12 Prices Leaked Before October Launch; Here Are ...,www.moneycontrol.com/news/technology/apple...,"Apple iPhone 12 prices leaked before October launch; here are all the details The smallest rumoured version, the iPhone 12 mini may start at $649 (Rs 47,600) while the ... ",https://www.moneycontrol.com/news/technology/apple-iphone-12-launch-prices-leaked-before-october-launch-here-are-all-the-details-5919061.html
iPhone 12 leaked dummy units hint at three screen ... - India TV,www.indiatvnews.com/technology/news-apple-iphone...,"iPhone 12 leaked dummy units hint at three screen sizes, iPad Pro-like design Apple's 2020 iPhone 12 iteration is expected to support 5G, 120Hz display, improved cameras... ",https://www.indiatvnews.com/technology/news-apple-iphone-12-leaks-three-display-sizes-ipad-pro-like-design-know-details-628244
iPhone 12 Pro leaked in new hands-on video: Watch video ...,www.indiatvnews.com/technology/news-apple-iphone...,"iPhone 12 Pro design leaked to show LiDAR sensor, flat edges and more: Know how it looks like The iPhone 12 series is expected to have four members: a 5.4-inch iPhone 12,... ",https://www.indiatvnews.com/technology/news-apple-iphone-12-pro-leaked-hands-on-video-lidar-sensor-flat-edges-and-more-648995
iPhone 12 Family Shots Leaked: Simply Paying Tribute to iPhone 4,www.gizchina.com/2020/08/18/iphone-12-family...,"iPhone 12 photos leaked. According to the past experience, although the new iPhone have not yet been released, the smartphone case manufacturers have already been unable... ",https://www.gizchina.com/2020/08/18/iphone-12-family-shots-leaked-simply-paying-tribute-to-iphone-4/
"Free AirPods With iPhones, iPhone 12 Prices Leaked With Full ...",trak.in/tags/business/2020/10/10/free-airpods...,Free AirPods with iPhones. iPhone 12 prices have been leaked alongside full specs and the number of iPhone 12 variants. iPhone 12 launch invites are out. The ‘special... ,https://trak.in/tags/business/2020/10/10/free-airpods-with-iphones-iphone-12-12-prices-leaked-with-full-specs-iphone-12-price-in-india-variants-and-more/
Alleged 'iPhone 12' designs leaked – revealing top-secret 5G ...,www.thesun.co.uk/tech/11868418/iphone-12-design...,APPLE'S top-secret iPhone 12 designs may have been leaked months ahead of their official reveal. An insider hasleaked images of alleged iPhone 12 designs used to create... ,https://www.thesun.co.uk/tech/11868418/iphone-12-design-leak-5g-renders-3d-models-mock-ups-prototype/
Leaked iPhone 12 Pro Max Upgrades May Anger iPhone 12 Pro Buyers,www.forbes.com/sites/gordonkelly/2020/10/01/...,"For many, the most controversial thing about Apple’s iPhone 12 range is the mystery surrounding their launch date, but new leaks have revealed a much bigger concern. ... ",https://www.forbes.com/sites/gordonkelly/2020/10/01/apple-iphone-12-pro-max-release-date-camera-price-iphone-11-pro-max-upgrade/
"Apple Loop: New iPhone 12 Leaks, Serious iPhone 11 Problems ...",www.forbes.com/sites/ewanspence/2019/10/11/apple...,"Taking a look back at another week of news and headlines from Cupertino, this week’s Apple Loop takes in the latest iPhone 11 problems, the iPhone SE2 release date, the ... ",https://www.forbes.com/sites/ewanspence/2019/10/11/apple-news-headlines-iphone-12-leak-iphone-se2-release-iphone-11-screen-macos-catalina-broken-macbook-pro/
Full Details of iPhone 12 Lineup Allegedly Leaked Ahead of ...,www.macrumors.com/2020/10/09/full-details-of...,"The iPhone 12 and iPhone 12 Pro arrived last month in a range of color options, with entirely new hues available on both devices, as well as some popular classics. The 12... ",https://www.macrumors.com/2020/10/09/full-details-of-iphone-12-lineup-allegedly-leaked-ahead-of-next-weeks-apple-event/
iPhone 12 leaked dummies hint at three screen sizes and more ...,indianexpress.com/article/technology/tech-news...,"iPhone 12 leaked dummies hint at three screen sizes and more Similar to the previous leaks, iPhone 12 is set to have a flat-edge, box-type design revisiting the iPhone 4.... ",https://indianexpress.com/article/technology/tech-news-technology/apple-iphone-12-design-leak-screen-features-6471987/
iPhone 12: Apple appears to leak its own new phone and Apple ...,www.independent.co.uk/life-style/gadgets-and...,"The company is apparently making twice as many of the standard version of the iPhone 12, says reliable leaker Ming-chi Kuo. Some 40 per cent of Apple's production is... ",https://www.independent.co.uk/life-style/gadgets-and-tech/iphone-12-apple-tv-leak-icloud-update-latest-event-b1012790.html
iPhone 12 leaked video shows off LiDAR camera placement | Digit,www.digit.in/news/mobile-phones/iphone-12-leaked...,"A leaked video on Twitter shows off the LiDAR camera placement on the iPhone 12 The video was posted by Twitter user, EverythingApplePro We also see a few other features... ",https://www.digit.in/news/mobile-phones/iphone-12-leaked-video-shows-off-lidar-camera-placement-56330.html
iPhone 12 Series Pricing for All Four Expected Models ...,gadgets.ndtv.com/mobiles/news/iphone-12-price...,"Prices for the upcoming iPhone 12 series have been leaked by a tipster on Twitter. They show a $649 (roughly Rs. 49,100) 5.4-inch iPhone 12. ",https://gadgets.ndtv.com/mobiles/news/iphone-12-price-leak-usd-649-749-999-1099-report-2221734
"iPhone 12 leak: CAD-based renders show design, 120Hz screens ...",m.gsmarena.com/iphone_12_leaks_cadbased_renders...,"New CAD schematics for the upcoming iPhone 12 series have leaked, allowing the team at EverythingApplePro to create accurate 3D renders. They show that the new iOS... ",https://m.gsmarena.com/iphone_12_leaks_cadbased_renders_show_designs_120hz_screens_possible_3x_zoom_camera-news-43131.php
iPhone 12 prices leaked for every model and storage size ...,www.techradar.com/news/iphone-12-prices-leaked...,"The iPhone 12 range is likely landing very soon, but ahead of that plenty of details have leaked, including most recently pricing information for every model. There’s... ",https://www.techradar.com/news/iphone-12-prices-leaked-for-every-model-and-storage-size
Galaxy S21+ compared with iPhone 12 Pro in leaked video ...,www.slashgear.com/galaxy-s21-compared-with...,"Galaxy S21+ compared with iPhone 12 Pro in leaked video Ewdison Then - Dec 13, 2020, 8:43pm CST Samsung has all but confirmed its mid-January event that could mean the... ",https://www.slashgear.com/galaxy-s21-compared-with-iphone-12-pro-in-leaked-video-13650971/
iPhone 12 prices leaked online - one week before rumoured ...,www.mirror.co.uk/tech/iphone-12-prices-leaked...,iPhone 12 launch event date leaked - and it suggests there's not long to wait; Read More Related Articles. iPhone 12 could be first Apple smartphone with no headphones or... ,https://www.mirror.co.uk/tech/iphone-12-prices-leaked-online-22793419
"Apple iPhone 12 leaked live image reveals wide notch, compact ...",www.bgr.in/news/apple-iphone-12-leaked-live...,"iPhone 12 Pro, iPhone 12 Pro Max leaked specifications. The Apple iPhone 12 Pro variant is expected to feature a 6.1-inch Samsung OLED Super Retina XDR Display with... ",https://www.bgr.in/news/apple-iphone-12-leaked-live-image-reveals-wide-notch-compact-form-factor-905166/
"iPhone 12 Series, HomePod Mini Leaked in Images Hours Ahead ...",gadgets.ndtv.com/mobiles/news/iphone-12-mini-pro...,"iPhone 12 series has been leaked showing the colours ahead of its launch at Apple's ‘Hi, Speed' event today. Established tipster Evan Blass has shared images of the front... ",https://gadgets.ndtv.com/mobiles/news/iphone-12-mini-pro-max-homepod-mini-evan-blass-leak-images-2309640
"Apple's iPhone 12 variants, prices, features, specs leaked",www.livemint.com/technology/tech-news/apple-s...,"The new iPhone 12 series will get four variants (EverythingApplePro/Twitter) Apple's iPhone 12 variants, prices, features, specs leaked 2 min read. ",https://www.livemint.com/technology/tech-news/apple-s-iphone-12-variants-prices-features-specs-leaked-11589349245616.html
All of Apple’s iPhone 12 prices just leaked – BGR,bgr.com/2020/10/03/iphone-12-price-leak-mini-pro...,"A new leak has listed prices for the entire iPhone 12 series, revealing the cheapest iPhone 12 will be less expensive than the iPhone 11 and Pixel 5. The 5.4-inch iPhone ... ",https://bgr.com/2020/10/03/iphone-12-price-leak-mini-pro-pro-max/
iPhone 12 prices 'leaked' a week before rumoured reveal – and ...,www.thesun.co.uk/tech/12857094/iphone-12-price...,APPLE’S next iPhone is likely just weeks away – and prices for all the new models may have leaked. Retail mark-ups for the new iPhone 12 could range between £649 and... ,https://www.thesun.co.uk/tech/12857094/iphone-12-price-leak-reveal-october-2020-cheapest/
Entire iPhone 12 line-up leaked hours before Apple event,www.independent.co.uk/life-style/gadgets-and...,"Apple’s entire iPhone 12 line-up appears to have leaked just before its event. The information confirms rumours that Apple is preparing four versions of the phone, in... ",https://www.independent.co.uk/life-style/gadgets-and-tech/iphone-12-apple-event-release-date-pro-max-mini-colours-b1013989.html
iPhone 12: What Apple’s new smartphone could look like,www.news.com.au/technology/gadgets/mobile-phones/...,"iPhone 12: What Apple’s new smartphone could look like Everything you need to know about the new iPhone, including prices, features and colours, has been leaked ahead of... ",https://www.news.com.au/technology/gadgets/mobile-phones/iphone-12-what-apples-new-smartphone-could-look-like/news-story/fa4fc2ec97c8ea099008e46a4fd0e1fd
"Apple iPhone 12 prices, specs for all models leaked ...",www.91mobiles.com/hub/apple-iphone-12-prices-and...,"The leak, if true, tells us the prices and specs for all the model, including the iPhone 12 mini, iPhone 12, iPhone 12 Pro, and iPhone 12 Pro Max. It seems the prices... ",https://www.91mobiles.com/hub/apple-iphone-12-prices-and-specs-for-all-models-leaked-ahead-of-next-weeks-launch/
Leaked iPhone 12 Pro sketch shows off triple cameras and ...,www.indiatoday.in/technology/news/story/leaked...,New leaked sketches of the iPhone 12 Pro show off the design from the back The LiDAR sensor was previously seen on the iPAD Pro 2020 Even as we await the launch of the ... ,https://www.indiatoday.in/technology/news/story/leaked-iphone-12-pro-sketch-shows-off-triple-cameras-and-lidar-scanner-1663768-2020-04-06
Apple iPhone 12 Pro design leaked in video: View here,www.livemint.com/technology/tech-news/apple...,"A recently leaked video gives us a good glimpse at what to expect from the new Apple iPhone 12 Pro, in terms of design aesthetics. A credible leakster, EverythingApplePro... ",https://www.livemint.com/technology/tech-news/apple-iphone-12-pro-design-leaked-in-video-view-here-11599994776360.html
Apple’s leaked iPhone 12 design looks stunning in these new ...,bgr.com/2020/05/04/iphone-12-release-date-soon...,"Apple’s final iPhone 12 and iPhone 12 Pro designs recently leaked, and now a new series of images shows us what the handsets are believed to look like. Visit BGR’s... ",https://bgr.com/2020/05/04/iphone-12-release-date-soon-leaked-images-final-design/
Leaked iPhone 12 Carrier Video Reveals Release ‘Just Days Away’,www.forbes.com/sites/gordonkelly/2020/09/22/...,"iPhone 12 Max, iPhone 12 Pro Max, iPhone 12 concept renders. EverythingApplePro MORE FROM FORBES Apple iOS 14 Has 25 Great Secret Features By Gordon Kelly. In a new video... ",https://www.forbes.com/sites/gordonkelly/2020/09/22/apple-iphone-12-iphone-12-pro-release-carrier-leak-update-iphone-11-pro-max-upgrade/
Small new 'iPhone Mini' leaked – as experts warn new iPhone ...,www.the-sun.com/lifestyle/tech/1565631/iphone-12...,"Small new ‘iPhone Mini’ leaked – as experts warn new iPhone 12 will cost £100 more than current model . Harry Pettit; Oct 1 2020, 12:26 ET; APPLE is working on a ""mini""... ",https://www.the-sun.com/lifestyle/tech/1565631/iphone-12-mini-leak-cost-release-date/
"iPhone 12 Mini, iPhone 12 Tipped to Launch on October 13 ...",gadgets.ndtv.com/mobiles/news/iphone-12-mini-5-4...,"iPhone 12 Mini, iPhone 12 Tipped to Launch on October 13, Storage Configurations Leaked iPhone 12 mini may be the final branding for the 5.4-inch screen variant in the ... ",https://gadgets.ndtv.com/mobiles/news/iphone-12-mini-5-4-6-1-apple-launch-date-october-13-event-storage-specifications-2302571
"iPhone 12 design leaked in new hands-on video, three new ...",www.indiatoday.in/technology/news/story/iphone...,"Earlier, analyst Ming-Chi Kuo, had claimed the iPhone 12 range will comprise of four models, including a 5.4-inch version, two 6.1-inch models, and one iPhone 12 Pro Max... ",https://www.indiatoday.in/technology/news/story/iphone-12-design-leaked-in-new-hands-on-video-1643068-2020-02-04
"Apple iPhone 12 Mini, iPhone 12 Pro 5G renders leaked ahead ...",timesofindia.indiatimes.com/gadgets-news/apple...,"Ahead of the 2020 iPhone series launch, the press renders of Apple iPhone 12 Mini, iPhone 12 Pro 5Ghas been leaked. Tipster Evan Blass has also revealed the renders of... ",https://timesofindia.indiatimes.com/gadgets-news/apple-iphone-12-mini-iphone-12-pro-5g-renders-leaked-ahead-of-apple-event/articleshow/78642813.cms
iPhone 12 battery life just leaked — and there's good and bad ...,www.tomsguide.com/news/iphone-12-battery-life...,"iPhone 12 battery life just leaked — and there's good and bad news By Tom Pritchard 12 October 2020 The larger iPhone 12s are set for a battery boost, but not so much for... ",https://www.tomsguide.com/news/iphone-12-battery-life-just-leaked-and-theres-good-and-bad-news
"Apple iPhone 12 price leaked, hints it to be cheaper than ...",tech.hindustantimes.com/tech/news/apple-iphone...,"Apple iPhone 12 price leaked, hints it to be cheaper than iPhone 11 All the models in the iPhone 12 series are expected to be powered by the company’s A14 chipset and... ",https://tech.hindustantimes.com/tech/news/apple-iphone-12-price-leaked-hints-it-to-be-cheaper-than-iphone-11-story-hgluJtOoLSoaw2ECgBZAbM.html
Apple iPhone 12 leaked ahead of official announcement ...,mspoweruser.com/apple-iphone-12-leaked-ahead-of...,"Apple is expected to reveal four new iPhones at its virtual press event later today. Now, the official product renders of the upcoming Apple iPhone 12 got leaked ahead of... ",https://mspoweruser.com/apple-iphone-12-leaked-ahead-of-official/
"iPhone 12's Entire Specs Leaked Online: More RAM, Storage ...",www.macworld.co.uk/news/iphone-12-specs-leaked...,The iPhone 12's entire specs list has been leaked by two of the most respected sources on the Apple rumours circuit and includes a raft of bombshells - but there is one... ,https://www.macworld.co.uk/news/iphone-12-specs-leaked-online-3787651/
"Apple iPhone 12, 12 Pro's manufacturing cost, priciest ...",tech.hindustantimes.com/mobile/news/apple-iphone...,"As per the report (via Nikkei), the iPhone 12 Bill of Materials (BoM) comes to $373 while that of iPhone 12 Pro is $406. That’s a difference of $326 for iPhone 12 and... ",https://tech.hindustantimes.com/mobile/news/apple-iphone-12-12-pro-s-bill-of-materials-cost-revealed-here-s-what-costs-the-most-71606315295463.html
"Apple IPhone 12 Launch Today: Leaked Price, Specifications ...",www.moneycontrol.com/news/technology/apple...,"Prices of the two premium iPhone 12 Pro models have also been leaked. iPhone 12 Pro price expected to start at $999 (around Rs 73,936) for the base model. The 6.1-inch... ",https://www.moneycontrol.com/news/technology/apple-iphone-12-launch-today-leaked-price-specifications-and-all-you-need-to-know-about-apples-hi-speed-event-5955601.html
iPhone 12 Designs Leaked In This Video: Checkout 3 Versions ...,trak.in/tags/business/2020/02/04/iphone-12...,iPhone 12 Designs Leaked In This Video: This Is How 3 Versions Of iPhone 12 Will Look! As we all know that Apple has been using the same iPhone design for three... ,https://trak.in/tags/business/2020/02/04/iphone-12-designs-leaked-in-this-video-this-is-how-3-versions-of-iphone-12-will-look/
Apple iPhone 12 price leaked --Here's all you want to know ...,zeenews.india.com/mobiles/apple-iphone-12-price...,"Jon Prosser, a reliable Apple insider has leaked that the upcoming iPhone 12 may start from $649 for the base model. This means that the price will be lower than the base... ",https://zeenews.india.com/mobiles/apple-iphone-12-price-leaked-heres-all-you-want-to-know-2280997.html
"iPhone 12 release date and pre orders date leaked, to ...",m.republicworld.com/technology-news/mobile/iphone...,The latest reports claim that the launch date of the iPhones and the pre-order dates have been leaked. Read also | IPhone 12 Mini Features Leak: Screen Size And Other... ,https://m.republicworld.com/technology-news/mobile/iphone-12-release-date-and-pre-orders-date-leaked-to-commence-on-octo.html
iPhone 12 series prices leaked; to start at $649 for 5.4-inch ...,www.91mobiles.com/hub/iphone-12-series-prices...,"Apple’s forthcoming iPhone 12 series prices have been leaked. The flagships, which are expected to come with impressive upgrades such as 120Hz display and 5G connectivity... ",https://www.91mobiles.com/hub/iphone-12-series-prices-leaked-start-at-649-for-5-4-inch-oled-5g-model/
"May 2020 in review: 'iPhone 12' leaked, MacBook Pro 13-inch ...",appleinsider.com/articles/20/05/31/may-2020-in...,"Prosser said that the ""iPhone 12"" will cost $649 for the 128GB-capacity version, rising to $749 for 256GB, and the Max version will cost $749 and $849 for each respective... ",https://appleinsider.com/articles/20/05/31/may-2020-in-review-at-last-the-macbook-pro-13-inch-gets-the-new-keyboard
"iPhone 12 renders leaked, shows 5.4-inch notched OLED display ...",www.digit.in/news/mobile-phones/iphone-12...,The latest leak shows the base model with the smallest 5.4-inch display. The new renders of the base variant of the upcoming iPhone 12 does give out an impression of a... ,https://www.digit.in/news/mobile-phones/iphone-12-renders-leaked-oled-notched-display-dual-rear-cameras-specifications-54342.html
iPhone 12 Launch Date Leaked - MensXP.com,www.mensxp.com/technology/news/80757-iphone-12...,"The iPhone 12’s Launch Date Just Leaked And We Finally Know We Don't Have To Wait For Too Long. Akshay Bhalla Updated: Sep 23, 2020, 11:23 IST . Your wait for the next ... ",https://www.mensxp.com/technology/news/80757-iphone-12-launch-date-leaked.html
"New Apple iPhone 12 Fully Leaked (Renders, Images, Specs ...",www.theidevice.com/new-apple-iphone-12-fully...,"The iPhone 12 line-up has been leaked and it will come with 5G, 120Hz display, smaller notch and more. Ther will be 4 versions of the iPhone 12 in 2020. ",https://www.theidevice.com/new-apple-iphone-12-fully-leaked-renders-images-specs/
iPhone 12 Pro Design Leaked - The Mobile Indian,www.themobileindian.com/news/iphone-12-pro...,"Apple's upcoming iPhone 12 Pro has leaked yet another time and this time, the leak has showcased the frame of the device where the logic board usually sits and how the... ",https://www.themobileindian.com/news/iphone-12-pro-design-leaked-33147
"'iPhone 12' lineup leaked, 'AirPods Studio,' and Shortcuts ...",appleinsider.com/articles/20/05/15/iphone-12...,"Your hosts discuss the ""iPhone 12"" leaks, ""AirPods Studio"" rumors, Wesley Hilliard's iPad-only workflow, and we go through some of our most-used Shortcuts, on the ... ",https://appleinsider.com/articles/20/05/15/iphone-12-lineup-leaked-airpods-studio-and-shortcuts-roundup-on-the-appleinsider-podcast
Samsung's Upcoming Galaxy S21+ Compared With iPhone 12 Pro In ...,www.iphonehacks.com/2020/12/galaxy-s21-compared...,"Samsung’s Upcoming Galaxy S21+ Compared With iPhone 12 Pro In Leaked Video Posted by Rajesh Pandey on Dec 13, 2020 in iPhone 12 , News Samsung is rumored to announce its... ",https://www.iphonehacks.com/2020/12/galaxy-s21-compared-iphone-12-pro-leaked-video.html
iPhone 12 names leaked - and it suggests Apple has an unusual ...,www.mirror.co.uk/tech/iphone-12-names-leaked...,"iPhone 12 names leaked - and it suggests Apple has an unusual model up its sleeve According to a respected Apple leaker, the new iPhones will be called the iPhone 12... ",https://www.mirror.co.uk/tech/iphone-12-names-leaked-suggests-22727726
Is The iPhone 12 Worth It? Let’s Investigate ALL The Updates…,www.knowyourmobile.com/news/iphone-12-specs...,"Entire iPhone 12 Range Leaked – Four Models, All OLED + 5G… John Prosser has done it again. The YouTuber has now revealed basically EVERYTHING about Apple’s incoming ... ",https://www.knowyourmobile.com/news/iphone-12-specs-release-date-leaks/
Controversial Apple iPhone 13 design leaked | Creative Bloq,www.creativebloq.com/news/iphone-13-design-shock,"The dust has barely settled on the iPhone 12 line-up, but the rumour mill is already kicking into gear for Apple's next smartphone. While the iPhone 13 is (we assume) at... ",https://www.creativebloq.com/news/iphone-13-design-shock
iPhone 12 leak reveals ANOTHER nasty surprise before launch | T3,www.t3.com/us/news/iphone-12-leak-reveals...,"The iPhone 12 launch is fast approaching, with the event slated for mid-October and the pre-order date leaking just a few weeks before its debut. ",https://www.t3.com/us/news/iphone-12-leak-reveals-another-nasty-surprise-before-launch
iPhone 13 Leaked and its a Leap from the iPhone 12 - StzGist ...,www.stzgists.com/iphone-13-leaked-and-its-a-leap...,"The iPhone 13 rumors and leaks have already started and it is quite a leap from the iPhone 12, even though the phone is still fresh. Though it is hard to predict Apple... ",https://www.stzgists.com/iphone-13-leaked-and-its-a-leap-from-the-iphone-12/
Iphone 13 Launching And Feature Details Leaked - iphone 13 ...,www.patrika.com/gadget-news/iphone-13-launching...,Gadget News in Hindi: Apple ने इस वर्ष लॉन्च किए सबसे ज्यादा प्रोडक्ट्स। iphone 13 की लॉन्चिंग और फीचर्स को लेकर बड़ी जानकारी सामने आई है। iphone 13 में मिल सकती है ... ,https://www.patrika.com/gadget-news/iphone-13-launching-and-feature-details-leaked-6574489/
Last Week Most Trending Smartphones: Redmi Note 9 Pro 5G ...,www.gizbot.com/mobile/features/last-week-most...,"Take for instance the Apple iPhone 12 Pro and the Xiaomi Mi 10T Pro. The recently launched Redmi Note 9 5G, Redmi Note 9 Pro 5G, and the Samsung Galaxy A51 also made it... ",https://www.gizbot.com/mobile/features/last-week-most-trending-smartphones-redmi-note-9-pro-5g-iphone-12-pro-max-galaxy-a51-mi-10t-pro-071651.html
New Apple Watch Series 6 Color Leaked and iPhone 12 Teased ...,www.techeblog.com/apple-watch-series-6-iphone-12...,Read more to see a leaked Target circular that has a placeholder for the iPhone 12. Photo credit: 9to5 Mac Target’s latest circular apparently shows a “new iPhone”... ,https://www.techeblog.com/apple-watch-series-6-iphone-12-apple-event/
Iphone 12 News - laguitza.info,laguitza.info/iphone-12-news,Apple iphone 12 show just leaked — and we have lousy news. Official Apple Cases Confirm New 'iPhone 12 Mini' Smartphone. Apple announces iPhone 12 and iPhone 12 mini: A... ,https://laguitza.info/iphone-12-news
Report: Nvidia RTX 3080 Ti 20GB and RTX 3060 With 12GB RAM Leaked,www.pcmag.com/news/report-nvidia-rtx-3080-ti-20...,"Report: Nvidia RTX 3080 Ti 20GB and RTX 3060 With 12GB RAM Leaked. New Nvidia RTX GPU SKUs have been spotted in the wild, according to a leaker, which means we could see... ",https://www.pcmag.com/news/report-nvidia-rtx-3080-ti-20gb-and-rtx-3060-with-12-gb-ram-leaked
Galaxy S21+ leaked hands-on video pits cameras against iPhone ...,gaminggalore.co.uk/2020/12/21/galaxy-s21-leaked...,"By this point, it seems that pretty much everything about the Galaxy S21+ has been revealed through leaks. Indeed, ",https://gaminggalore.co.uk/2020/12/21/galaxy-s21-leaked-hands-on-video-pits-cameras-against-iphone-12-pro-max/video-browser-gaming/
Samsung Galaxy Buds Pro price leaked | BGR India,www.bgr.in/news/samsung-galaxy-buds-pro-price...,"Apple iPhone 12 was the best-selling 5G smartphone in October 2020 Man denies to marry unless he gets Mi 10T Pro, Xiaomi offers him for free 4 WhatsApp features we expect... ",https://www.bgr.in/news/samsung-galaxy-buds-pro-price-leaked-could-cost-more-than-galaxy-buds-live-928711/
iPhone 12 Launch Date Leaked - Gulte,www.gulte.com/.../26673/iphone-12-launch-date-leaked,"iPhone 12 Launch Date Leaked Published by GulteDesk September 29, 2020 The most awaited configurations of iPhone 12 and iPhone 12 mini have been leaked. iPhone 12 and ... ",https://www.gulte.com/trends/26673/iphone-12-launch-date-leaked
Full iPhone 12 Lineup Leaked Ahead of Official Launch,news.softpedia.com/news/full-iphone-12-lineup...,"Apple is projected to take the wraps off the iPhone 12 in just a few days, and just as expected, more information on the new models leaked through unofficial channels. ",https://news.softpedia.com/news/full-iphone-12-lineup-leaked-ahead-of-official-launch-531305.shtml
Apple iPhone 12 price leaked; the base variant may cost Rs ...,content.techgig.com/Apple-iPhone-12-price-leaked...,"Apple's next-generation flagship smartphone, iPhone 12 is still months from the official launch. However, the prices of the smartphone are leaked. The iPhone 12 will... ",https://content.techgig.com/Apple-iPhone-12-price-leaked-the-base-variant-may-cost-Rs-49152/articleshow/75502022.cms
iPhone 12 prices 'leaked' a week before rumoured reveal – and ...,www.the-sun.com/lifestyle/tech/1588807/iphone-12...,APPLE'S next iPhone is likely just weeks away – and prices for all the new models may have leaked. Retail mark-ups for the new iPhone 12 could range between £649 and... ,https://www.the-sun.com/lifestyle/tech/1588807/iphone-12-price-leak-reveal-october-2020-cheapest/
"iPhone 12 prices leaked; 4 new 5G models, ranging from $649 ...",appleinformed.com/2020/04/30/iphone-12-prices...,"27 Comments on iPhone 12 prices leaked; 4 new 5G models, ranging from $649 to $1,099 Highly reliable Apple-leaker Jon Prosser (@jon_prosser) has shared some information... ",https://appleinformed.com/2020/04/30/iphone-12-prices-leaked-4-new-5g-models-ranging-from-649-to-1099/
Apple iPhone 12 Pro Max design leaked | Digit,www.digit.in/news/mobile-phones/iphone-12-pro...,"Apple iPhone 12 Pro Max design leaked. YouTube channel, EverythingApplePro has released designed renders for the iPhone 12 Pro Max. ",https://www.digit.in/news/mobile-phones/iphone-12-pro-max-design-leak-53608.html
iPhone 12's glass back shows camera layout in new leaked ...,www.imore.com/iphone-12s-glass-back-shows-camera...,New leaked images could reveal the iPhone 12's glass back. They come from Twitter leaker Mr. White. It has been suggested they reveal cutouts for a LiDAR scanner and... ,https://www.imore.com/iphone-12s-glass-back-shows-camera-layout-new-leaked-photos
Leaked iPhone 12 schematics suggest phones will have much ...,www.dailymail.co.uk/sciencetech/article-8238581/...,"A pair of leaked schematics suggest that Apple's upcoming iPhone 12 will fall just short of eliminating a camera 'notch' on the phone's display.. The pictures, posted on... ",https://www.dailymail.co.uk/sciencetech/article-8238581/Leaked-iPhone-12-schematics-suggest-phones-smaller-camera-notch-no-bezel.html
Brand new iPhone 12 leaks just dropped | Creative Bloq,www.creativebloq.com/news/iphone-12-leaks,"Tasty iPhone 12 leaks have been coming thick and fast recently, with most adding up to give us a fuller picture of what's in store. But the most recent wave of... ",https://www.creativebloq.com/news/iphone-12-leaks
Apple’s iPhone 12 lineup leaks in full ahead of event - The Verge,www.theverge.com/2020/10/13/21514114/apple...,"Apple’s iPhone 12, 12 mini, 12 Pro, and 12 Pro Max have leaked ahead of the official announcement set for later today, revealing the new blue colors, a look at the 12 Pro... ",https://www.theverge.com/2020/10/13/21514114/apple-iphone-12-lineup-pro-mini-leaks-images-blue-color
Apple iPhone 12 prices leaked before launch: Here are all the ...,www.freepressjournal.in/technology/apple-iphone...,"Apple is expected to launch its iPhone 12 series this month. But, ahead of its launch a new leak has now hinted at the possible prices of the upcoming iPhone 12 series. ",https://www.freepressjournal.in/technology/apple-iphone-12-prices-leaked-before-launch-here-are-all-the-details
"iPhone 12 series, Apple HomePod Mini photos leak hours before ...",www.nextpit.com/iphone-12-leaked,"The shape of the new iPhone 12 has also changed. While the iPhone 11 has a more rounded shape, the curves of the new iPhone 12 are flatter. While we cannot make this out... ",https://www.nextpit.com/iphone-12-leaked
iPhone 12 lineup confirmed by leaked Apple Silicone Case ...,www.imore.com/iphone-12-lineup-confirmed-leaked...,"It confirms the names of the iPhone 12 mini, iPhone 12, iPhone 12 Pro, and iPhone 12 Pro Max. New leaked images from Twitter leaker DuaniRui have confirmed the iPhone 12... ",https://www.imore.com/iphone-12-lineup-confirmed-leaked-apple-silicone-case-stickers
"iPhone 12: Pre-Order, Other Details Revealed In Leaked Email",www.ibtimes.com/iphone-12-pre-order-other...,A leaked image displaying the alleged iPhone 12 promo email seemingly revealed key details about the flagship iPhone that fans are eager to know. Apple recently announced... ,https://www.ibtimes.com/iphone-12-pre-order-other-details-revealed-leaked-email-3042774
Pricing details on Apple's entire iPhone 12 lineup may have ...,www.androidauthority.com/apple-iphone-12-pricing...,"With less than a week before Apple’s next event, extensive details on the company’s entire iPhone 12 lineup have leaked thanks to a Chinese Weibo user named Kang.That... ",https://www.androidauthority.com/apple-iphone-12-pricing-availability-leak-1166599/
New Leak Shows a Radical Redesign for Next iPhone | iPhone 12,www.popularmechanics.com/.../leaked-iphone-12-molds,"Twitter user @JinStore has leaked new images showing off what are supposedly iPhone 12 case molds.; If the photos hold true, expect to see two sizes of iPhone 12 (5.4... ",https://www.popularmechanics.com/technology/design/a32868659/leaked-iphone-12-molds/
"Apple iPhone 12: News, Features, Cameras, and Specs | Digital ...",www.digitaltrends.com/mobile/apple-iphone-12-news,"The iPhone 12 and iPhone 12 Pro now offer a 6.1-inch display, up from 5.8 inches, though, with the smaller bezels, the phones aren’t appreciably larger overall. New for... ",https://www.digitaltrends.com/mobile/apple-iphone-12-news/
iPhone 12 leaks: Prices of all Apple iPhone 12 models leaked ...,m.timesofindia.com/gadgets-news/prices-of-all...,Apple will reportedly launch four models in the upcoming iPhone 12 range and the prices of each of them have been leaked. The 2020 iPhone range may include the iPhone 12... ,https://m.timesofindia.com/gadgets-news/prices-of-all-apple-iphone-12-models-leaked/articleshow/77266157.cms
Leaked iPhone 12 Molds Show iPad Pro-like Design,www.iphonehacks.com/2020/06/leaked-iphone-12...,"In the previous years, such molds for new iPhones have leaked around April or May. The delay this time around can be attributed to the iPhone 12 lineup due to the... ",https://www.iphonehacks.com/2020/06/leaked-iphone-12-molds-ipad-pro-design.html
iPhone 12 Storage Options Leaked - softpedia,news.softpedia.com/news/iphone-12-storage...,"iPhone 12 Storage Options Leaked. iPhone 12 mini to start at 64GB storage, leak claims . Sep 29, 202012:47 GMT · By Bogdan Popa · Comment · Share: New iPhones to launch... ",https://news.softpedia.com/news/iphone-12-storage-options-leaked-531209.shtml
"Leaked Photos Allegedly Show iPhone 12 Glass Back, Camera ...",www.iphoneincanada.ca/news/iphone-12-layout,"Anticipated to launch either in September or October, the iPhone 12 range is thought to consist of four models, with the “iPhone 12” and “Max” versions expected to have... ",https://www.iphoneincanada.ca/news/iphone-12-layout/
iPhone 12: 'Spy camera' will let you zoom 30x to see things ...,www.komando.com/gadgets/leaked-iphone-12-details/...,"What to expect with iPhone 12. Looking for a camera upgrade from iPhone 12? Well, if the leaked info from Twitter user Pineleaks is correct, that’s exactly what the new ... ",https://www.komando.com/gadgets/leaked-iphone-12-details/758771/
Alleged sketch design of the upcoming iPhone 12 series is leaked,www.techgenyz.com/2020/09/04/sketch-design...,Apple’s upcoming iPhone has been the most anticipated one ever. Although the company has not mentioned anything regarding the design of the upcoming iPhone or even its... ,https://www.techgenyz.com/2020/09/04/sketch-design-iphone-12-series-leaked/
"Apple iPhone 12 lineup pricing leaked, details about camera ...",www.firstpost.com/tech/news-analysis/iphone-12...,"Apple iPhone 12 lineup pricing leaked, details about camera array also revealed. iPhone 12 Pro Max is expected to come with three cameras and is likely to be priced at... ",https://www.firstpost.com/tech/news-analysis/iphone-12-lineup-prices-leaked-for-all-four-models-leak-suggests-cameras-as-well-8319691.html
Apple's IPhone 12 Leaked: What Do Agents Have To Look Forward ...,www.inman.com/2020/04/21/apples-iphone-12-leaked...,"The 12 is modeled in form factor after the iPhone Pro Max, but only a hair thinner (7.4 millimeters), taller and overall a bit bigger. In fact, it will be Apple’s largest... ",https://www.inman.com/2020/04/21/apples-iphone-12-leaked-what-do-agents-have-to-look-forward-to/
Leaked Photos Reveal iPhone 12 Pro Max 120Hz ProMotion ...,www.idropnews.com/rumors/leaked-photos-reveal...,"Leaked Photos Reveal iPhone 12 Pro Max 120Hz ProMotion Display, LiDAR Camera Settings. By Jesse Hollington. 5 Min Read Published: Aug 26th, 2020 . Credit:... ",https://www.idropnews.com/rumors/leaked-photos-reveal-iphone-12-pro-max-120hz-promotion-display-and-lidar-camera-settings/141840/
"iPhone 12 leaked design, release date and specifications",dnd.com.pk/iphone-12-leaked-design-release-date...,"This year iPhone 12 is the biggest release from Apple, they had already postponed the release date but now the actual date is leaked, and according to Forbes, it will... ",https://dnd.com.pk/iphone-12-leaked-design-release-date-and-specifications/196417
iPhone 12 Prototype Leaked Online: Shows All 4 Models...,www.knowyourmobile.com/news/iphone-12-update...,Leaked data: iPhone 12: iPhone 12 Max: iPhone 12 Pro: iPhone 12 Pro Max: Display: 5.4 inch Super Retina OLED from BOE: 6.1 inch Super Retina OLED from BOE: 6.1 inch Super... ,https://www.knowyourmobile.com/news/iphone-12-update-dummy-handset-images-released/
iPhone 12 Series Prices And Variants Leaked! | Cashify Blog,www.cashify.in/iphone-12-series-prices-and...,"According to Jon Prossner there will be two variants of iPhone 12- iPhone 12 and iPhone 12 Max priced at Rs. 48,900 ($649) and Rs. 56,400 ($749) respectively. As usual,... ",https://www.cashify.in/iphone-12-series-prices-and-variants-leaked
All four iPhone 12 models REVEALED in new leak | T3,www.t3.com/news/all-four-iphone-12-models...,"According to recent leaks, the iPhone 12 range is set to contain four different models in three different sizes. The iPhone 12 will have a 5.4"" display, the iPhone 12 Max... ",https://www.t3.com/news/all-four-iphone-12-models-revealed-in-new-leak
iPhone 12 Review: Is this the 2020 iPhone to buy? | Trusted ...,www.trustedreviews.com/reviews/iphone-12,"The iPhone 12 truly is a notable jump for Apple’s mainline phone and it now feels almost as Pro as the actual Pro model. For £799/$799, this is a seriously complete... ",https://www.trustedreviews.com/reviews/iphone-12
"iPhone 12: Pricing, cameras, storage, colors, launch dates ...",www.idownloadblog.com/2020/10/09/iphone-12-major...,"iPhone 12: Pricing, cameras, storage, colors, launch dates and other leaked details. Christian Zibreg on October 9, 2020. 0. Just a few days ahead of Apple’s October 13... ",https://www.idownloadblog.com/2020/10/09/iphone-12-major-leak/
"iPhone 12 Series Price, Specifications and Colours Leaked ...",www.news18.com/news/tech/iphone-12-series-price...,"The iPhone 12 series is claimed to consist of four models - the iPhone 12, iPhone 12 Mini, iPhone 12 Pro, and the iPhone 12 Pro Max. The smallest of the lot will be the ... ",https://www.news18.com/news/tech/iphone-12-series-price-specifications-and-colours-leaked-ahead-of-october-13-launch-2947013.html
Apple iPhone 12 series model names leaked online ahead of ...,www.gizmochina.com/2020/09/22/apple-iphone-12...,"As per the leak, the four upcoming iPhone 12 models will be called iPhone 12 Mini, iPhone 12, iPhone 12 Pro, and iPhone 12 Pro Max. The 5.4-inch model of the device will... ",https://www.gizmochina.com/2020/09/22/apple-iphone-12-model-names-leak/
New Leaked Video Reveals the iPhone 12 Launch Is 'Just Days Away',www.idropnews.com/rumors/new-leaked-video...,"New Leaked Video Reveals the iPhone 12 Launch Is ‘Just Days Away’ By Jesse Hollington. 3 Min Read Published: Sep 23rd, 2020 . Credit: iPhone Lover / Twitter. Text Size-+... ",https://www.idropnews.com/rumors/new-leaked-video-suggests-the-iphone-12-launch-is-just-days-away/143693/
"Apple iPhone 12, HomePod Mini Leak Ahead of iPhone Event",gizmodo.com/a-whole-bunch-of-apple-products...,"In two posts on his Voice account, he showed off what appears to be leaked marketing images for the iPhone 12 and the iPhone 12 Pro line up. G/O Media may get a... ",https://gizmodo.com/a-whole-bunch-of-apple-products-apparently-just-leaked-1845356449
Leaked iPhone 12 Promo Email Confirms A Feature | Ubergizmo,www.ubergizmo.com/2020/09/iphone-12-5g-confirmed...,"One of the rumored features of the iPhone 12 is that it will come with support for 5G. Now thanks to a post by Evan Blass, he shared what appears to be a leaked promo... ",https://www.ubergizmo.com/2020/09/iphone-12-5g-confirmed-promo-email/
iPhone 12 prices 'leaked' a week before rumoured reveal – and ...,www.thesun.ie/tech/5991004/iphone-12-price-leak...,APPLE’S next iPhone is likely just weeks away – and prices for all the new models may have leaked. Retail mark-ups for the new iPhone 12 could range between £649 and... ,https://www.thesun.ie/tech/5991004/iphone-12-price-leak-reveal-october-2020-cheapest/
Apple iPhone 12 Launch Dates Leaked – Here’s Everything You ...,www.india.com/technology/apple-iphone-12-launch...,Apple has already made clear that iPhone 12 series will be delayed by few weeks and now a new leaked report by a popular leaker Jon Prosser states that Apple will launch... ,https://www.india.com/technology/apple-iphone-12-launch-dates-leaked-heres-everything-you-need-to-know-4110162/
"Apple iPhone 12 Packaging Leaked, Appears to be a Lot Less ...",www.techeblog.com/apple-iphone-12-packaging-leak,"Even though the iPhone 12 and iPhone 12 Pro won’t arrive in the hands of customers until October 23rd, the packaging has already leaked. Since the iPhone will no longer... ",https://www.techeblog.com/apple-iphone-12-packaging-leak/
"Apple iPhone 12 lineup patent leaked, may sport an improved ...",www.firstpost.com/tech/news-analysis/apple...,"Apple iPhone 12 lineup patent leaked, may sport an improved version of Google Pixel 4's marquee feature Apple received a patent with respect to a next-gen depth-sensing... ",https://www.firstpost.com/tech/news-analysis/apple-iphone-12-lineup-patent-leaked-may-sport-an-improved-version-of-google-pixel-4s-marquee-feature-8720611.html
iPhone 12: Leaked promotional material hints at an October ...,www.notebookcheck.net/iPhone-12-Leaked...,A leaked carrier email suggests that customers have until October 20 to pre-order the iPhone 12 and Apple Watch Series 6. It indicates that the iPhone 12 will be released... ,https://www.notebookcheck.net/iPhone-12-Leaked-promotional-material-hints-at-an-October-release-date.492633.0.html
Upcoming 5.4-inch iPhone May be Called 'iPhone 12 Mini' | Beebom,beebom.com/iphone-12-mini-name-leaked,"12 12 Pro 12 Pro Max — 有没有搞措 (@L0vetodream) September 21, 2020. While I’m not a fan of the “mini” moniker for the 5.4-inch iPhone 12, it does seem to be in line with... ",https://beebom.com/iphone-12-mini-name-leaked/
"Apple iPhone 12 Mini, iPhone 12 Pro 5G renders leaked ahead ...",www.gadgetsnow.com/mobiles/apple-iphone-12-mini...,"Ahead of the 2020 iPhone series launch, the press renders of Apple iPhone 12 Mini, iPhone 12 Pro 5Ghas been leaked. Tipster Evan Blass has also revealed the renders of... ",https://www.gadgetsnow.com/mobiles/apple-iphone-12-mini-iphone-12-pro-5g-renders-leaked-ahead-of-apple-event/articleshow/78642870.cms
Leaked iPhone 12 Cases Confirm New Phone Design | HYPEBAE,hypebae.com/2020/8/apple-iphone-12-case-dummy...,"An Israeli Apple fan community has leaked images of Apple’s dummy iPhone 12 cases, preliminary models provided to case-makers in preparation for the release. The newly... ",https://hypebae.com/2020/8/apple-iphone-12-case-dummy-unit-leak-flat-edge-design
Key details about the iPhone 12 display have just leaked ...,mspoweruser.com/iphone-12-display-details-leaked,"The display of the iPhone 12 Pro will be exactly the same as that of the iPhone 12 Max in terms of screen size, screen resolutions, and pixel density. On the other hand,... ",https://mspoweruser.com/iphone-12-display-details-leaked/
Notchless IPhone 12 Pro Leaked! - Mobility Arena - Mobile ...,mobilityarena.com/notchless-iphone-12-pro-leaked,"There is no way to 100% confirm it now, but svetapple.com has obtained leaked images of a notchless iPhone 12 Pro. A statement from svetapple says: ..we managed to get to... ",https://mobilityarena.com/notchless-iphone-12-pro-leaked/
iPhone 12: Here's why Apple may not include a power adapter ...,www.zdnet.com/article/iphone-12-heres-why-apple...,"Kuo's report follows a leaked image of Apple's new 20W USB-C adapter, which he believes will be sold separately to the new iPhone. It would offer a faster charge than the... ",https://www.zdnet.com/article/iphone-12-heres-why-apple-may-not-include-a-power-adapter-or-earbuds/
iPhone 12 design features leaked - Geeky Gadgets,www.geeky-gadgets.com/iphone-12-design-features...,"iPhone 12 design features leaked. 11:30 am April 20, 2020 By Roland Hutchinson. Share. Tweet. Pin. Email. We have heard lots of rumors about the new iPhone 12 range of... ",https://www.geeky-gadgets.com/iphone-12-design-features-leaked-20-04-2020/
Leaked image suggests iPhone 12 Pro will have LiDAR sensor,www.pocket-lint.com/phones/news/apple/151729...,"iPhone 12 Pro leaked on iOS 14 leaked files. . #iphone #iphone12 #iphone12pro #ios14 #iphone12promax A post shared by CONCEPTSIPHONE (@conceptsiphone) on Mar 28, 2020 at... ",https://www.pocket-lint.com/phones/news/apple/151729-apple-iphone-12-pro-camera-lidar
"Apple iPhone 12 Design Leaked, Once Again [Video]",www.dailytut.com/apple/iphone-12-pro-design...,"Based on the leaked iPhone 12 CAD design files, macotakara created mockup units of the iPhone 12 models with display measurements of 5.4 inch, 6.1 inch and 6.7 inch... ",https://www.dailytut.com/apple/iphone-12-pro-design-leaked-video.html
"iPhone 12, iPhone 12 Max, iPhone 12 Pro, iPhone 12 Pro Max ...",www.financialexpress.com/industry/technology...,"iPhone 12 lineup pricing has leaked online courtesy serial Apple tipster Jon Prosser. Prosser has had a good track record with Apple leaks in the past, so we have reason... ",https://www.financialexpress.com/industry/technology/iphone-12-iphone-12-max-iphone-12-pro-iphone-12-pro-max-airpods-studio-prices-have-leaked/1957533/
iPhone 12 prices leaked online just before rumoured launch ...,www.dailystar.co.uk/tech/news/iphone-12-prices...,"The anticipation continues to grow for the long-awaited iPhone 12 – and now we finally know the price. The latest Apple phone is due to be released very soon, but details... ",https://www.dailystar.co.uk/tech/news/iphone-12-prices-leaked-online-22794860
iPhone 12 prices and screen sizes leaked | What Hi-Fi?,www.whathifi.com/news/iphone-12-pricing...,"The tech analyst has tweeted (below) that the 5.4in iPhone 12 will cost $649 when it launches presumably in September, while the bigger, 6.1in variant will be priced... ",https://www.whathifi.com/news/iphone-12-pricing-suggested-by-in-form-twitter-leaker
iPhone 12 Design Gets Leaked Online - EDMTunes,www.edmtunes.com/2020/04/iphone-12-design-gets...,"The new member of the iPhone family, which was expected for March is suffering delays. The pandemic is putting off Apple’s presentation of the iPhone 12, but a leak... ",https://www.edmtunes.com/2020/04/iphone-12-design-gets-leaked-online/
Leaked iPhone 12 display shows the notch isn’t shrinking,www.cultofmac.com/719451/iphone-12-notch-size...,"Leaked iPhone 12 display shows the notch isn’t shrinking. By Ed Hardy • 10:31 am, August 6, 2020. News; Top stories; There’s new evidence the iPhone 12 notch will be the... ",https://www.cultofmac.com/719451/iphone-12-notch-size-hardware-image/
Apple iPhone 12: Price Leaked! Everything You Need To Know,techviral.net/iphone-12-price-leaked,Apple iPhone 12: Price Leaked! Everything You Need To Know. A famous tipster Jon Prosser said that the iPhone SE launch date the iPhone 12 series price will start from... ,https://techviral.net/iphone-12-price-leaked/
Apple iPhone 12 Pro Camera Module Leaked; May Have LIDAR ...,in.mashable.com/tech/12911/apple-iphone-12-pro...,"Apart from the wide, ultrawide and the telephoto sensors that we also saw on the iPhone 11 Pro series, there is a fourth sensor present too. This is said to be a LIDAR... ",https://in.mashable.com/tech/12911/apple-iphone-12-pro-camera-module-leaked-may-have-lidar-sensor
"iPhone 12 and iPhone 12 Mini Leaked in Blue, Red, Green ...",forums.macrumors.com/threads/iphone-12-and...,"We'll see the official unveiling of the iPhone 12 and iPhone 12 mini at Apple's ""Hi, Speed"" event in just a few hours. &#x1f525; Visit our Live Coverage of the Apple... ",https://forums.macrumors.com/threads/iphone-12-and-iphone-12-mini-leaked-in-blue-red-green-black-and-white.2259894/
Official renders of Apple iPhone 12 Pro and iPhone 12 Pro Max ...,mspoweruser.com/apple-iphone-12-pro-and-iphone...,"Now, the official product renders of the iPhone 12 Pro and iPhone 12 Pro Max got leaked online. The iPhone 12 Pro is expected to come with a 6.1 inch Super Retina XDR... ",https://mspoweruser.com/apple-iphone-12-pro-and-iphone-12-pro-max/
"Apple iPhone 12 Pro Max design leaked, shows iPad Pro-like device",www.androidauthority.com/iphone-12-pro-max...,"The design of the alleged iPhone 12 Pro Max just leaked in a new video. From what we see, the phone could closely resemble the 2020 iPad Pro. ",https://www.androidauthority.com/iphone-12-pro-max-design-1108228/
All four iPhone 12 models have leaked ahead of Apple's event ...,www.tmonews.com/2020/10/four-iphone-12-models...,The entire iPhone 12 lineup has leaked out just hours before Apple’s event begins. The official-looking renders come from reliable leaker Evan Blass and they show off all... ,https://www.tmonews.com/2020/10/four-iphone-12-models-leaked-apple-event/
The iPhone 12 Has Reportedly Been Leaked - WMTR AM,wmtram.com/2020/08/24/iphone-12-reportedly-leaked,"BGR adds that the brand has had a leak, and the new iPhone 12 and details about what Apple plans on unveiling next has been revealed.They write, “In addition to four new... ",https://wmtram.com/2020/08/24/iphone-12-reportedly-leaked/
"iPhone 12, iPhone 12 Pro and 12 Pro Max prices leaked ahead ...",www.timesnownews.com/technology-science/article/...,"iPhone 12 series is launching tomorrow i.e October 13, but the leaks do not seem to stop until Apple unveils its 2020 phones. We have already heard that there will be... ",https://www.timesnownews.com/technology-science/article/iphone-12-iphone-12-pro-and-12-pro-max-prices-leaked-ahead-of-apples-tuesday-event/665868
iPhone 12 leaked schematic shows a smaller notch and even ...,pocketnow.com/iphone-12-leaked-schematic-shows-a...,"iPhone 12 leaked schematic shows a smaller notch and even thinner bezels Apple is said to have shrunk the notch size for iPhone 12 and has further reduced the bezels, but... ",https://pocketnow.com/iphone-12-leaked-schematic-shows-a-smaller-notch-and-even-thinner-bezels
Leaked Image Shows Possible iPhone 12 Camera Array: Apple May ...,appuals.com/iphone12-sensor-leaked-image,"The Camera Setup on iPhone 12. As seen above, it shows a schematic of the upcoming iPhone 12 and or 12 Pro model. We currently have seen such a similar design in the... ",https://appuals.com/iphone12-sensor-leaked-image/
Could These iPhone 12 / Pro / Max Leaked Prices Be The Real ...,www.redmondpie.com/could-these-iphone-12-pro-max...,He says that this new round of leaks is provided by the same person that nailed the iPhone SE launch so there are plenty of reasons to think this is legit. With that in... ,https://www.redmondpie.com/could-these-iphone-12-pro-max-leaked-prices-be-the-real-deal/
'iPhone 12 mini' Name Reappears in Leaked Apple iPhone 12 ...,forums.macrumors.com/threads/iphone-12-mini-name...,"Looks like the entry models of the iPhone 12 are going to priced quite competitively, slotting in where the current 11 (non pro) sits in the lineup. Starting at ~£700 for... ",https://forums.macrumors.com/threads/iphone-12-mini-name-reappears-in-leaked-apple-iphone-12-case-stickers.2256729/page-2
A Whole Bunch of iPhone 12 and Other Products Apparently Just ...,www.gizmodo.com.au/2020/10/a-whole-bunch-of...,"Yet a whole lot of the iPhone 12 line up leaked early. iPhone 12 leak. Evan Blass, the noted Android phone leaker, has come with… well, what appears to be a lot of the... ",https://www.gizmodo.com.au/2020/10/a-whole-bunch-of-apple-products-apparently-just-leaked-ahead-of-todays-event/
iPhone 12 display panels leaked; notch size unchanged ...,appleinformed.com/2020/08/06/iphone-12-display...,"Reliable Apple Leakers @loabaiTD and @1nsane_dev shared pictures on Twitter today showing the display panels for the upcoming iPhone 12 models.. In a now deleted tweet,... ",https://appleinformed.com/2020/08/06/iphone-12-display-panels-leaked-notch-size-unchanged/
Apple's newly leaked Silicone Case Stickers confirm iPhone 12 ...,the8-bit.com/apples-silicone-case-stickers...,"Apple is expected to announce four new iPhones this year as a part of the iPhone 12 lineup. Those include the 5.4-inch iPhone 12 “mini,” the 6.1-inch iPhone 12, the... ",https://the8-bit.com/apples-silicone-case-stickers-confirm-iphone-12-lineup-nomenclature-in-new-leak/
Apple's New iPhone 12 Design Just Leaked Online,www.highsnobiety.com/p/apple-iphone-12-design...,"Apple‘s forthcoming iPhone 12 was rumored to take design cues from the latest iPad, and a newly leaked video shows just how accurate those predictions were.. YouTube... ",https://www.highsnobiety.com/p/apple-iphone-12-design-leak-watch/
What The iPhone 12 Pro Might Look Like | Screen Rant,screenrant.com/iphone-12-pro-rumor-leak-images...,"Thanks to some allegedly leaked CAD files, the world recently got its first look at the potential iPhone 12 Max Pro's design. It's nothing terribly surprising, but given... ",https://screenrant.com/iphone-12-pro-rumor-leak-images-first-look/
"iPhone 12 screen and camera details leaked, and it’s not good ...",global.techradar.com/en-za/news/iphone-12-screen...,The iPhone 12 Pro might have the same refresh rate as the iPhone 11 Pro (above) (Image credit: Future) With the iPhone 12 range likely landing soon we now have a good... ,https://global.techradar.com/en-za/news/iphone-12-screen-and-camera-details-leaked-and-its-not-good-news
Was the Apple iPhone 12 Launch Date Leaked? - IT News Africa ...,www.itnewsafrica.com/2020/07/was-the-apple...,Reports claim that 5.4-inch and 6.1-inch iPhone 12 models will be available with 128GB or 256GB of storage and that 6.1-inch and 6.7-inch iPhone 12 Pro models will have... ,https://www.itnewsafrica.com/2020/07/was-the-apple-iphone-12-launch-date-leaked/
Leaked image suggests the iPhone 12 notch may get a bit ...,www.idownloadblog.com/2020/04/07/leaked-image...,"Leaked image suggests the iPhone 12 notch may get a bit smaller than previous iterations . Christian Zibreg on April 7, 2020. 0. Yesterday brought us images suggesting... ",https://www.idownloadblog.com/2020/04/07/leaked-image-suggests-the-iphone-12-notch-may-get-a-bit-smaller-than-previous-iterations/
iPhone 12 molds leaked - iLounge,www.ilounge.com/news/iphone/iphone-12-molds-leaked,The images show all of the four iPhone 12 models that are rumored to be released by Apple later this year. The same user also posted CAD renders of the same models. The... ,https://www.ilounge.com/news/iphone/iphone-12-molds-leaked
Leaked images show a new iPhone 12 with a smaller notch and ...,pocketnow.com/leaked-images-show-a-new-iphone-12...,Two new leaked images provided by Twitter user Fudge (choco_bit) show us the possible new design of the iPhone 12.These graphic representations of a new iPhone suggest a... ,https://pocketnow.com/leaked-images-show-a-new-iphone-12-with-a-smaller-notch-and-other-details
iPhone - Apple,www.apple.com/iphone,"Requires purchase and activation of a new iPhone 12 mini, iPhone 12, iPhone 12 Pro, or iPhone 12 Pro Max with the Verizon Device Payment Program at 0% APR for 24 months,... ",https://www.apple.com/iphone/
Leaked iPhone 12 molds show off square edges — and I’m down ...,thenextweb.com/plugged/2020/06/15/leak-iphone-12...,"As you can see from the leaked iPhone 12 molds, there’s a big design change afoot. Where the iPhone 11 continued a smooth and round trend, Apple’s next device will have... ",https://thenextweb.com/plugged/2020/06/15/leak-iphone-12-molds-pro-clown-notch-lidar-design/
New iPhone 12 feature is leaked :: WRAL.com,www.wral.com/new-iphone-12-feature-is-leaked/...,"New iPhone 12 feature is leaked. Tags: iPhone, smartphone, video * * * * 9to5Mac has acquired a video showing that the new iPhone 12 will have multiple magnets inside.... ",https://www.wral.com/new-iphone-12-feature-is-leaked/19304064/
Leaked image reportedly shows off a ... - Apple Blog: iPhone,www.idownloadblog.com/2020/04/06/iphone-12-pro...,"To get there, it might take some rearranging of the triple camera setup on the back of the iPhone 12 and iPhone 12 Pro — the names of the oft-rumored models expected to... ",https://www.idownloadblog.com/2020/04/06/iphone-12-pro-lidar-scanner-leaked-image/
iPhone 12 Pro Max design reportedly leaked with flat sides ...,www.phonedog.com/2020/04/17/iphone-12-pro-max...,"The design for what's said to be the iPhone 12 Pro Max has purportedly leaked out. Shared by Max Weinbach and EverythingApplePro, this design is based off a CAD design... ",https://www.phonedog.com/2020/04/17/iphone-12-pro-max-design-leak-flat-sides-thinner-bezels
Leaked iPhone 12 motherboard reveals internal design changes,www.cultofmac.com/711359/leaked-iphone-12...,"Leaked iPhone 12 motherboard reveals internal design changes. By Ed Hardy • 10:22 am, May 19, 2020. News; This image from Chinese social media claims to be of the iPhone ... ",https://www.cultofmac.com/711359/leaked-iphone-12-motherboard-reveals-internal-design-changes/
iPhone 12 colours: what colours does it come in? - Radio Times,www.radiotimes.com/.../2020-10-13/iphone-12-colours,"Of course, you can check out your other options with the leaked iPhone 12 price, best iPhone to buy in 2020 and deals on iPhone 11 this August. Share on Facebook Share on... ",https://www.radiotimes.com/technology/2020-10-13/iphone-12-colours/
iPhone 12 rumors: Everything we've heard before Apple's event ...,www.cnet.com/news/rumor-roundup-apple-iphone-12...,"The leak also shows a $799 price for iPhone 12, $999 for iPhone 12 Pro and $1,099 for iPhone 12 Pro Max. 5G: iPhone 12 may have next-gen connectivity Several rumors are... ",https://www.cnet.com/news/rumor-roundup-apple-iphone-12-everything-weve-heard-before-today-event/
'iPhone 12 mini' Name Appears in Leaked Apple iPhone 12 Case ...,www.reddit.com/r/iphone/comments/izga27/iphone...,"This is exactly what I want, and I find it a little funny how my desires have changed in the past decade. I used to look forward to annual upgrades; bigger screen, faster... ",https://www.reddit.com/r/iphone/comments/izga27/iphone_12_mini_name_appears_in_leaked_apple/
Almost every detail about the iPhone 12 may have just leaked ...,www.businessinsider.com/apple-iphone-12-leak...,"The leak suggests the iPhone 12 will come in four variants — a 5.4-inch model, two 6.1-inch models, and a 6.7-inch version — all of which are said to support 5G... ",https://www.businessinsider.com/apple-iphone-12-leak-price-release-date-details-2020-10
Apple IPhone 12 Series Storage Configurations Leaked - Mobile57,www.mobile57.com/news/apple-iphone-12-series...,"Apple iPhone 12 series storage configurations leaked 2020-10-01 15:37:32 Views 3444 The new iPhone 12 series wasn't announced at Apple's September event, but we’re... ",https://www.mobile57.com/news/apple-iphone-12-series-storage-configurations-leaked-10547
Apple iPhone 12 Pro Max Design Allegedly Leaked; May Feature ...,www.lowyat.net/2020/211205/iphone-12-pro-max...,"From the alleged iPhone 12 Pro Max design itself, we can see that Apple may have taken design cues from the iPad Pro in terms of aesthetics. Rather than curved, the... ",https://www.lowyat.net/2020/211205/iphone-12-pro-max-design-allegedly-leaked-may-feature-thinner-body-and-smaller-notch/
Leaked iPhone 12 Case Stickers Reveal 'iPhone 12 mini ...,www.redmondpie.com/leaked-iphone-12-case...,"Leaked iPhone 12 Case Stickers Reveal ‘iPhone 12 mini’ Branding By Oliver Haslam | September 25th, 2020 We heard earlier this week that Apple is set to call the 5.4-inch ... ",https://www.redmondpie.com/leaked-iphone-12-case-stickers-reveal-iphone-12-mini-branding/
Tahoe Talk: iPhone 12 pricing leaked; Virus surges in 20 ...,www.tahoedailytribune.com/news/tahoe-talk-new...,iPhone 12 details and pricing leaked on Friday – starting at $649; SCOTUS: Employers cannot fire someone for being LGBTQ (6-3 opinion Monday morning) COVID-19: COVID-19... ,https://www.tahoedailytribune.com/news/tahoe-talk-new-twitter-feature-iphone-12-pricing-leaked-virus-surges/
"iPhone 12 Pro Leaked in Blue, Graphite, Gold, and Silver With ...",www.reddit.com/r/iphone/comments/jacmwe/iphone...,"Since leather cases were announced today, here are four official apple leather cases I've had on my XS for the last 2 years. Red, blue, green, and saddle brown. 6 months... ",https://www.reddit.com/r/iphone/comments/jacmwe/iphone_12_pro_leaked_in_blue_graphite_gold_and/
Apple's smallest new iPhone will be called iPhone 12 mini ...,mashable.com/article/iphone-12-mini,"The 6.1-inch version will be called iPhone 12, while the more powerful 6.1-inch and 6.7-inch variants will be called iPhone 12 Pro and iPhone 12 Pro Max, respectively. ",https://mashable.com/article/iphone-12-mini/
"iPhone 12 series pricing leaked, iPhone 11 to be discontinued ...",technosports.co.in/2020/09/10/iphone-12-series...,"iPhone 12 series pricing leaked, iPhone 11 to be discontinued. By Anupam Modak. September 10, 2020 . 0. 0. Facebook. Twitter. Pinterest. WhatsApp. Linkedin. Apple is... ",https://technosports.co.in/2020/09/10/iphone-12-series-pricing-leaked-iphone-11-to-be-discontinued/
Apple iPhone 12 Prices & Specifications Leaked Ahead of its ...,ca.finance.yahoo.com/news/apple-iphone-12-prices...,"Now ahead of the launch, Prices & specifications of iPhone 12 series have been leaked online. A Weibo leak has revealed that all models of iPhone 12 series will come with... ",https://ca.finance.yahoo.com/news/apple-iphone-12-prices-specifications-070425414.html
Apple iPhone 12 Pro Chassis has been leaked in a new video ...,appleosophy.com/2020/09/12/apple-iphone-12-pro...,"Apple iPhone 12 Pro Chassis has been leaked in a new video By Sriyansa Mohanty According to the latest leaks and rumors, we might not be seeing the iPhone 12 line-up... ",https://appleosophy.com/2020/09/12/apple-iphone-12-pro-chassis-has-been-leaked-in-a-new-video/
Leaked iPhone 12 rear glass shows camera setup - Geeky Gadgets,www.geeky-gadgets.com/leaked-iphone-12-rear...,We have heard lots of rumors about how many cameras the new iPhone 12 will come with and now what appears to be a rear glass for the handset has been leaked.. It looks... ,https://www.geeky-gadgets.com/leaked-iphone-12-rear-glass-shows-camera-setup-02-09-2020/
Iphone 12 Prices Leaked - Phones - Nigeria,www.nairaland.com/5879066/iphone-12-prices-leaked,"Iphone 12 Prices Leaked by Surebuttons: 10:55am On May 24 When it comes to the iPhone 12 price, it’s likely to stay broadly in line with the current models. For... ",https://www.nairaland.com/5879066/iphone-12-prices-leaked
Apple Chinese users are mainly snapping up iPhone 12 and ...,www.cnbc.com/2020/10/20/apple-chinese-users-are...,Apple's iPhone 12 64GB in blue makes up 20% of pre-orders on Fenqile with the iPhone 12 Pro 128GB Pacific Blue variant making up 11%. These are the two most popular... ,https://www.cnbc.com/2020/10/20/apple-chinese-users-are-mainly-snapping-up-iphone-12-and-iphone-12-pro.html
Will iPhone 12 look the same as iPhone 11? New rumors say yes ...,www.cnet.com/news/will-iphone-12-look-same-as...,"The iPhone 12 is still expected to come in three different screen sizes: one 5.4-inch, two 6.1-inch and one 6.7-inch phone. We've seen this detail elsewhere for a few... ",https://www.cnet.com/news/will-iphone-12-look-same-as-iphone-11-new-rumors-say-yes-kinda/
Apple may have just leaked the surprise iPhone 12 launch,www.altpress.com/news/apple-iphone-12-launch...,"Apple may have just leaked the surprise iPhone 12 launch. The new iPhone may be arriving sooner than you think. By. Rachael Dowd - August 24, 2020 [Photo by David... ",https://www.altpress.com/news/apple-iphone-12-launch-date-leak/
Leak: Apple may delay the iPhone 12 to the week of October 12,thenextweb.com/plugged/2020/08/13/leak-apple-may...,iPhone 12 devices – Preorders week 42 w/c Oct 12 – Shipping week 43 w/c Oct 19. iPhone 12 Pro devices – Preorder and shipping in Nov (no exact date yet) — Jon Prosser... ,https://thenextweb.com/plugged/2020/08/13/leak-apple-may-delay-the-iphone-12-to-the-week-of-october-12/
"iPhone 12 Dummies Leaked, Showing New Sizes and Design",interestingengineering.com/iphone-12-dummies...,It's time to start getting excited for Apple's upcoming iPhone 12 launch. Images of dummies of the phone's models have beenleaked and shared on the typically reliable... ,https://interestingengineering.com/iphone-12-dummies-leaked-showing-new-sizes-and-design
Apple iPhone 12 series launch dates leaked: Check here,www.headlineenglish.com/technology-news/apple...,"Tipster and Apple analyst Jon Prosser has leaked the new launch dates of the new Apple devices and iPhone 12 series. According to him, the iPhone model will be launching... ",https://www.headlineenglish.com/technology-news/apple-iphone-12-series-launch-dates-leaked-check-here/
iPhone 12 lineup and HomePod mini revealed in leaked photos ...,www.hardwarezone.com.sg/tech-news-iphone-12...,"iPhone 12 lineup and HomePod mini revealed in leaked photos. Hours before Apple unveils its new products, tipster Evan Blass has jumped the gun and shared purported... ",https://www.hardwarezone.com.sg/tech-news-iphone-12-lineup-and-homepod-mini-revealed-leaked-photos
This is what the iPhone 12 Pro Max will look like,www.fastcompany.com/90492423/this-is-what-the...,"Days after a report revealed that the upcoming iPhone 12 Pro will look like a tiny iPad Pro, CAD designs of the biggest version of the iPhone 12 Pro—the iPhone 12 Pro Max... ",https://www.fastcompany.com/90492423/this-is-what-the-iphone-12-pro-max-will-look-like
The iPhone 12 Has Reportedly Been Leaked - 94.7 WCSX,wcsx.com/2020/08/24/iphone-12-reportedly-leaked,"BGR adds that the brand has had a leak, and the new iPhone 12 and details about what Apple plans on unveiling next has been revealed.They write, “In addition to four new... ",https://wcsx.com/2020/08/24/iphone-12-reportedly-leaked/
Entire iPhone 12 Lineup Specifications Leaked,www.lifewire.com/iphone-12-lineup-specifications...,"Entire iPhone 12 Lineup Specifications Leaked We could see OLED, 5G, and LIDAR on these new models. by. Senior News Editor. Rob LeFebvre has been a freelance technology... ",https://www.lifewire.com/iphone-12-lineup-specifications-leak-4844528
"Apple Glass, iPhone 12 series, ARM-based MacBooks launch ...",www.newsbytesapp.com/timeline/science/63824/...,"Apple Glass, iPhone 12 series, ARM-based MacBooks launch details leaked. Written by. Mudit Dube. Science. Apple has planned two special events for September and October... ",https://www.newsbytesapp.com/timeline/science/63824/300226/apple-glass-iphone-12-arm-macbooks-launch-date
[LEAKED] iPhone 12 Could be the Fastest Smartphone Comparable ...,www.techtimes.com/articles/248049/20200315/...,"[LEAKED] iPhone 12 Performance Shows That This Device Can Beat MacBook Pro in Speed As seen on their survey, the latest iPhone 11 on the market have 1329 single-core... ",https://www.techtimes.com/articles/248049/20200315/leaked-iphone-12-fastest-smartphone-comparable-macbook-pro-heres-why.htm
Full alleged iPhone 12 range specs leaked - Tech Advisor,www.techadvisor.co.uk/news/apple/full-alleged...,Full alleged iPhone 12 range specs leaked Naming schemes mix and prices said to go up for the next batch of high-end iPhones Gear up for four new phones ,https://www.techadvisor.co.uk/news/apple/full-alleged-iphone-12-range-specs-leaked-3787615/
CONCEPTSIPHONE on Instagram: “iPhone 12 Pro leaked on iOS 14 ...,www.instagram.com/p/B-StJ7JnLzF,"405 Likes, 82 Comments - CONCEPTSIPHONE (@conceptsiphone) on Instagram: “iPhone 12 Pro leaked on iOS 14 leaked files. . #iphone #iphone12 #iphone12pro #ios14... ",https://www.instagram.com/p/B-StJ7JnLzF/
"Photos of the iPhone 12, new HomePod speaker may have just ...",www.businessinsider.co.za/tech/apple-iphone-12...,"Apple is expected to unveil its iPhone 12 lineup at an event on Tuesday, but the device's design and colour options may have leaked just hours before the official unveil.... ",https://www.businessinsider.co.za/tech/apple-iphone-12-colors-homepod-leak-before-event-2020-10
Leaked screenshots from iPhone 12 Pro Max unofficially ...,m.gsmarena.com/newscomm-44920.php,Leaked screenshots from iPhone 12 Pro Max unofficially confirm LiDAR and 120Hz display. 26 August 2020. The leaks came from a “production validation prototype” while mass... ,https://m.gsmarena.com/newscomm-44920.php
"iPhone 12 Tipped to Launch October 13, configurations leaked",editorialge.com/iphone-12-launch-october-13...,"After few days, leaked images showed alleged stickers from unreleased silicone iPhone cases, which marked the iPhone 12 mini again. The iPhone 12 will come in the same... ",https://editorialge.com/iphone-12-launch-october-13-configurations-leaked/
Potential Apple iPhone 12 Pro Max Design Leaked | HYPEBAE,hypebae.com/2020/4/apple-iphone-12-pro-max...,"Following the reveal of Apple‘s re-launched iPhone SE, a potential first look at the iPhone 12 has surfaced. Tech YouTuber Filip Koroy, otherwise known as... ",https://hypebae.com/2020/4/apple-iphone-12-pro-max-design-features-first-look-leak-release
The iPhone 12’s smaller notch revealed in leaked schematic,ca.news.yahoo.com/iphone-12-smaller-notch...,"The iPhone 12’s smaller notch revealed in leaked schematic. Read full article. Andy Boxall. April 20, 2020, 3:56 a.m. · 2 min read. The iPhone 12 may have a smaller notch... ",https://ca.news.yahoo.com/iphone-12-smaller-notch-revealed-105608587.html
'iPhone 12 mini' Name Appears in Leaked Apple iPhone 12 Case ...,www.reddit.com/r/apple/comments/izh06i/iphone_12...,"You have a ""line"" designation (iPhone Regular vs. iPhone Pro) and a size-class designation (mini, Regular, max). ""Regular"" doesn't have to be said, it's implied unless... ",https://www.reddit.com/r/apple/comments/izh06i/iphone_12_mini_name_appears_in_leaked_apple/
"2019 iPhone 11 names, specs, pricing and release dates leaked ...",www.zdnet.com/article/2019-iphone-11-names-specs...,"2019 iPhone 11 names, specs, pricing and release dates leaked. According to the leak, the names are iPhone 11, iPhone 11 Pro, and iPhone 11 Pro Max. ",https://www.zdnet.com/article/2019-iphone-11-names-specs-pricing-and-release-dates-leaked/
"iPhone 12 series won't support 5G in dual-SIM mode, according ...",www.yugatech.com/news/iphone-12-series-wont...,"As seen on Apple’s Sales Web (ASW) page, it reveals that the iPhone 12 series does not support 5G connectivity when in a dual-SIM mode. The online document which surfaced... ",https://www.yugatech.com/news/iphone-12-series-wont-support-5g-in-dual-sim-mode-according-leaked-document/
"iPhone 12 preview: New design, colors, and sizes, 5G, and no ...",www.macworld.com/article/3584462/iphone-12...,"According to leaked schematics, the bezels on the iPhone 12 Pro Max will shrink “by about 40% on all four sides, from 2.5 mm to 1.5 mm.” A millimeter might not sound like... ",https://www.macworld.com/article/3584462/iphone-12-preview-design-display-specs-processor-5g-camera-price-release.html
"iPhone 12 release date: UK price, where to pre-order, specs ...",www.radiotimes.com/.../iphone-12-release-date,"iPhone 12 64GB, £39.99 a month (£299.99 upfront) Vodafone is offering 100GB of data, and unlimited texts and minutes for £39.99 a month. Of course, because this is a... ",https://www.radiotimes.com/technology/2020-10-16/iphone-12-release-date/
Apple suffers 'major iPhone X leak' - BBC News,www.bbc.com/news/technology-41220517,"a reference to iPhone X, which acts as fresh evidence that Apple intends to unveil a high-end model alongside more modest updates to its handset line; images of a new... ",https://www.bbc.com/news/technology-41220517
Apple iPhone 12 Pro Max screen size and design leak in new ...,www.businessinsider.com/apple-iphone-12-pro-max...,"A new video claims to show a major redesign Apple is planning for this year's iPhone 12 Pro Max. The video, published by Everything Apple Pro, which said it was based on ... ",https://www.businessinsider.com/apple-iphone-12-pro-max-screen-size-design-leak-video-2020-4
Leaked image of apparent iPhone 12 Pro shows it has Lidar ...,www.ilounge.com/news/iphone/leaked-image-of...,The user has also leaked several details of the upcoming iPhone and many Apple products. This user’s Bio says that he was an Apple Authorized Service Provider. The image... ,https://www.ilounge.com/news/iphone/leaked-image-of-apparent-iphone-12-pro-shows-it-has-lidar-scanner-and-a-tripple-lens-camera
Iphone Lovers (iphone 12 Leaked) - Phones - Nigeria,www.nairaland.com/.../iphone-lovers-iphone-12-leaked,Iphone Lovers (iphone 12 Leaked) - Phones - Nairaland. Nairaland Forum / Science/Technology / Phones / Iphone Lovers (iphone 12 Leaked) (1782 Views) Photos - AppleLeaked... ,https://www.nairaland.com/5813899/iphone-lovers-iphone-12-leaked
"iPhone 12 rumors: 5G, OLED, camera, processor, release date ...",www.macworld.com/article/3403010/apple-2020...,"Update 10/9/20: Weibo leaker Kang, who has been very accurate in the past, has leaked pricing, color, and shipping information for the iPhone 12. Colors, capacities, and... ",https://www.macworld.com/article/3403010/apple-2020-iphone-12-rumors-oled-5g-camera-processor-design.html
"Apple Event 2020: iPhone 12, Mini and Pro with 5G announced",www.cnbc.com/2020/10/13/apple-iphone-event-live...,"Apple is also releasing new high-end iPhone models under the Pro moniker. It comes in four colors: silver, gray, gold and blue. The iPhone 12 Pro with a 6.1-inch screen... ",https://www.cnbc.com/2020/10/13/apple-iphone-event-live-updates.html
New Samsung Galaxy S21 Renders Show iPhone 12-like Flat Edges ...,www.whatmobile.com.pk/new-samsung-galaxy-s21...,The alleged similarities with the new iPhone don’t just end with the frame. Samsung mobile is also bringing a gold color option to the upcoming lineup (not unlike the... ,https://www.whatmobile.com.pk/new-samsung-galaxy-s21-renders-show-iphone-12-like-flat-edges-color-options-leaked-news-1609
Leaked Images Allegedly Show Braided USB-C to Lightning Cable ...,www.mactrast.com/2020/09/leaked-images-allegedly...,"Leaked Images Allegedly Show Braided USB-C to Lightning Cable for iPhone 12 Chris Hauk - Sep 24, 2020 We’ve previously heard rumors and seen alleged photos of a new... ",https://www.mactrast.com/2020/09/leaked-images-allegedly-show-braided-usb-c-to-lightning-cable-foor-iphone-12/
Larger iPhone X Plus seemingly confirmed by leak in iOS 12 ...,www.theverge.com/circuitbreaker/2018/8/3/...,"Apple’s upcoming larger iPhone X Plus has seemingly leaked in the iOS 12 beta, marking yet another leak of an upcoming Apple device through accidental firmware files ",https://www.theverge.com/circuitbreaker/2018/8/3/17649632/apple-iphone-x-plus-confirmed-ios-12-beta-leak
Image of secret Apple headphones accidentally leaked in new ...,www.thesun.ie/tech/6147911/apple-over-ear...,APPLE might have accidentally leaked what its rumoured over-ear headphones look like via an icon in a software test. The icon was spotted in the beta version of iOS 14.3.... ,https://www.thesun.ie/tech/6147911/apple-over-ear-headphones-icon/
iOS 8 GM Leaked: Here's How to Download iOS 8 on Your iPhone ...,ios.gadgethacks.com/how-to/ios-8-gm-leaked-heres...,How To: Download & Install iOS 12 on Your iPhone News: iBoot Source Code Leaked — Here's What iPhone Users Need to Know News: Apple's iOS 13.5 Developer GM Includes Face... ,https://ios.gadgethacks.com/how-to/ios-8-gm-leaked-heres-download-ios-8-your-iphone-right-now-0157312/
iPhone SE 2 review: £419 well spent? | Trusted Reviews,www.trustedreviews.com/reviews/iphone-se-2,"The single 12-megapixel sensor with a f/1.8 lens is similar in terms of spec to the iPhone 8 (it seems, anyway), hinting that much of the improvements come directly from... ",https://www.trustedreviews.com/reviews/iphone-se-2
iPhone 13 Leaked and its a Leap from the iPhone 12 Archives ...,www.stzgists.com/tag/iphone-13-leaked-and-its-a...,iPhone 13 Leaked and its a Leap from the iPhone 12; Samsung Galaxy S21 vs S20: All the Upgrade and Differences; The OnePlus 8T Concept phone Changes Colour; Cyberpunk... ,https://www.stzgists.com/tag/iphone-13-leaked-and-its-a-leap-from-the-iphone-12/
Leaked iPhone 12 Pro video reveals the camera with LiDAR ...,technosports.co.in/2020/09/13/leaked-video-of...,"Previously we have reported that Apple is expected to launch its new flagship series smartphones – iPhone 12, iPhone 12 Pro Max, and iPhone 12 Pro. Surprisingly, a... ",https://technosports.co.in/2020/09/13/leaked-video-of-the-chassis-of-the-iphone-12-pro-reveals-the-camera-with-lidar-module-and-some-other-features/
5G iPhone 12 Prices Leaked! No Prices Changed Except For ...,www.techtimes.com/articles/249270/20200430/5g...,"Another iPhone 12 leaks went available this morning. So far, Apple has not yet revealed any bigger announcements regarding the newest iPhone model of 2020. In this case,... ",https://www.techtimes.com/articles/249270/20200430/5g-iphone-12-prices-leaked-no-prices-changed-except-for-these-models.htm
@apple_idesigner shared a photo on Instagram: “Exclusive ...,www.instagram.com/p/CEWxNNTASsm,"3,286 Likes, 57 Comments - Michael Ma (@apple_idesigner) on Instagram: “Exclusive ‘leaked’ image showing the final design of iPhone 12 Pro & iPhone 12 Pro Max. ",https://www.instagram.com/p/CEWxNNTASsm/
iBoot Source Code Leaked — Here's What iPhone Users Need to ...,ios.gadgethacks.com/news/iboot-source-code...,"iOS 9 GM Leaked: Here's How to Download iOS 9 on Your iPad, ... How To: View the Exact Battery Percentage on Your iPhone 12, 12 Mini, 12 Pro, or 12 Pro Max How To: 13... ",https://ios.gadgethacks.com/news/iboot-source-code-leaked-heres-what-iphone-users-need-know-0182723/
This Is Apple's Next iPhone - Gizmodo,gizmodo.com/this-is-apples-next-iphone-5520164,"12. You are looking at Apple's next iPhone. It was found lost in a bar in Redwood City, camouflaged to look like an iPhone 3GS. We got it. We disassembled it. It's the... ",https://gizmodo.com/this-is-apples-next-iphone-5520164
Apple iPhone 6S photos have been leaked - CNNMoney,money.cnn.com/2015/07/01/technology/iphone-6s...,"The iPhone is undergoing a makeover. Even if you can't see it yet. Leaked images of the new iPhone don't look too different from the current iPhone 6 at first glance,... ",https://money.cnn.com/2015/07/01/technology/iphone-6s-leaked-images/index.html
"iPhone 12 Mini, iPhone 12, iPhone 12 Pro, iPhone 12 Pro Max ...",www.mysmartprice.com/gear/iphone-12-mini-iphone...,Quandt shared a tweet in which he confirmed that a retailer has told him that the Apple is planning to launch four new smartphones in the series which includes the iPhone... ,https://www.mysmartprice.com/gear/iphone-12-mini-iphone-12-iphone-12-pro-iphone-12-pro-max-storage-colour-variants-leaked/
Third-party wireless charger suggests iPhone 12 could support ...,mobilesyrup.com/2020/10/13/iphone-12-magnetic...,"A third-party charger allegedly for the iPhone 12 sports a magnet ring With all this in mind, a Macotakara post spotted by 9to5Mac shows what it believes to be a... ",https://mobilesyrup.com/2020/10/13/iphone-12-magnetic-wireless-chargers/
iPhone 5 Components List Leaked | PCWorld,www.pcworld.com/article/261810/iphone_5...,"The new iPhone is expected to be announced in the U.S. on September 12. This story, ""iPhone 5 Components List Leaked"" was originally published byPC World New Zealand ",https://www.pcworld.com/article/261810/iphone_5_components_list_leaked.html
iPad 2 Prices Leaked? - OS X Daily,osxdaily.com/2011/01/16/ipad-2-prices-leaked,"MacBook Pro 2011 13″ Refresh Specs Leaked: Core i5 CPU, Thunderbolt is Lightpeak, No Case Redesign; You Can Now Buy an Unlocked iPhone 5 Directly from Apple, Prices Start... ",https://osxdaily.com/2011/01/16/ipad-2-prices-leaked/
LEAKED: iPhone 4S Pics Appear on Apple's Website,mashable.com/2011/10/04/iphone-4s-pics,LEAKED: iPhone 4S Pics Appear on Apple's Website By Ben Parr 2011-10-04 12:42:04 UTC The first images of the iPhone 4S have apparently leaked directly from Apple's... ,https://mashable.com/2011/10/04/iphone-4s-pics/
Leaked iPhone 12 Molds Show Radical Changes in Design,interestingengineering.com/leaked-iphone-12...,"Leaked images of the iPhone 12 and the iPhone 12 Pro molds have made their way onto Twitter, and now the internet in general after JinStore posted them online. These are... ",https://interestingengineering.com/leaked-iphone-12-molds-show-radical-changes-in-design
Iphone 12 Leaked - IPAddress.com,www.ipaddress.com/search/iphone+12+leaked,"Find ""Iphone 12 Leaked"" related websites on ipaddress.com. IPAddress.com The Best IP Address Tools What Is My IP: 207.46.13.26. Search. Iphone 12 Leaked. ... ",https://www.ipaddress.com/search/iphone+12+leaked
This Black Box Can 'Unlock Your iPhone' For Cops; Images Leaked,fossbytes.com/this-30000-black-box-can-unlock...,The iPhone hacking device can even unlock the latest Apple flagship iPhone X running iOS 11.2.5. It can’t be said if Apple has managed to fix the loophole(s) in the later... ,https://fossbytes.com/this-30000-black-box-can-unlock-your-iphone-for-cops-leaked-images/
Leaked photos emerge of Apple app for improving iPhone repairs,www.uswitch.com/mobiles/features/uswitch...,Uswitch exclusive: Leaked photos emerge of Apple app for improving iPhone repairs Jonathan Leggett - 15 November 2015 Last updated: 10 December 2019 ,https://www.uswitch.com/mobiles/features/uswitch-exclusive-leaked-photos-emerge-of-apple-app-for-improving-iphone/
Apple's cheap iPhone 5C packaging images leaked,in.news.yahoo.com/apple-s-cheap-iphone-5c...,"Leaked images of the purported packaging box of the ""iPhone 5C"" and the FCC ID stamp carrying images spark speculations for the arrival of the new affordable iPhone... ",https://in.news.yahoo.com/apple-s-cheap-iphone-5c-packaging-images-leaked-071033217.html
Here’s every single leaked photo of the iPhone 7,finance.yahoo.com/news/every-single-leaked-photo...,"iphone-7-lcd-backlight-2. As soon as the clocks turned to 2016, we got our first actual leaked image. Nowhereelse sourced a photo of the iPhone 7's backlight -- not the... ",https://finance.yahoo.com/news/every-single-leaked-photo-iphone-7-185112894.html
Apple 'fired dad of blogger who leaked iPhone X footage ...,www.dailymail.co.uk/news/article-5030373/Apple...,"Apple has reportedly fired one of its engineers after his daughter, Brooke Amelia Peterson, leaked details about the upcoming iPhone X on her YouTube channel last week,... ",https://www.dailymail.co.uk/news/article-5030373/Apple-fired-dad-blogger-leaked-iPhone-X-footage.html
[GVGT] iPhone 12 leaked - www.hardwarezone.com.sg,forums.hardwarezone.com.sg/eat-drink-man-woman-16...,"[GVGT] iPhone 12 leaked HardwareZone Forum Insider on Facebook LinkBack: Thread Tools: 15-09-2020, 01:41 PM #1: Nightgown. Senior Member . Join Date: Feb 2018 . Posts:... ",https://forums.hardwarezone.com.sg/eat-drink-man-woman-16/%5Bgvgt%5D-iphone-12-leaked-6375689.html
"iPhone 12 Series to Launch in Four Sizes, 5G Support; Key ...",www.mysmartprice.com/gear/iphone-12-specifications,The entry-level 2020 iPhone is likely to be called the iPhone 12 and features a 5.4-inch panel. This is likely to be followed by another iPhone 12 model with a larger... ,https://www.mysmartprice.com/gear/iphone-12-specifications/
Newly leaked documents show low-level CIA Mac and iPhone ...,www.pcworld.com/article/3184435/wikileaks...,"Newly leaked documents show low-level CIA Mac and iPhone hacks For years, the agency has known of implants for iPhones and low-level rootkits for MacBooks. ",https://www.pcworld.com/article/3184435/wikileaks-documents-show-cias-mac-and-iphone-compromises.html
"Leaked photos and video of Apple iPhone 5 real, blog claims ...",www.cbsnews.com/news/leaked-photos-and-video-of...,"Other rumored details of the iPhone 5 include a smaller dock connecter, new location for headset jack, 4G LTE connectivity and additional hardware updates. Invite for a... ",https://www.cbsnews.com/news/leaked-photos-and-video-of-apple-iphone-5-real-blog-claims/
"iPhone 12 Pro Leaked: Bigger Battery, New Camera, 120Hz ...",bigtownpost.wordpress.com/2020/05/12/iphone-12...,"iPhone 12 Pro Leaked: Bigger Battery, New Camera, 120Hz Display and Improved Face ID Apple’s new iPhones are usually launched in September. But this time the situation is... ",https://bigtownpost.wordpress.com/2020/05/12/iphone-12-pro-leaked-bigger-battery-new-camera-120hz-display-and-improved-face-id/
iPhone 12 Pro Unboxing Video Leaked. - Gismonews,www.gismonews.com/2020/10/20/iphone-12-pro...,"iPhone 12 Pro Unboxing Video Leaked. October 20, 2020. 44. 1. 0. 0. This is coming today, just before, apparently, all of the official reviews and unboxings come out. So... ",https://www.gismonews.com/2020/10/20/iphone-12-pro-unboxing-video-leaked/
Leaked Schematics Reveal The Big Design Change Coming To The ...,digg.com/video/leaked-schematics-reveal-the-big...,"Leaked Schematics Reveal The Big Design Change Coming To TheiPhone 12 5 diggs Apple According to leaked CAD schematics, the new iPhone will feature squared off edges,... ",https://digg.com/video/leaked-schematics-reveal-the-big-design-change-coming-to-the-iphone-12
"""It Looks Like My Stove"" - Social Media Users Cringe As First ...",www.zerohedge.com/technology/my-trypophobia...,"And with September just around the corner, the first images of the upcoming 'iPhone 12' have leaked, and they've sent Twitter aflame with laughter as users bashed the... ",https://www.zerohedge.com/technology/my-trypophobia-officially-triggered-social-media-users-cringe-first-images-iphone-12
From leaked iPhone 12 Pro Max benchmarks to AirTag images ...,japanese.engadget.com/from-leaked-i-phone-12-pro...,"From leaked iPhone 12 Pro Max benchmarks to AirTag images, we've got a roundup of the latest Apple rumors. Apple AirTag tracking device, a rendered image was released... ",https://japanese.engadget.com/from-leaked-i-phone-12-pro-max-benchmarks-to-air-tag-images-latest-apple-rumor-roundup-050334636.html
Apple iPhone 12 Design Leaked - www.hardwarezone.com.sg,forums.hardwarezone.com.sg/eat-drink-man-woman...,Apple iPhone 12 Design Leaked. I think it looks not bad. I'd prefer the iPhone 4 angular shape chassis over the smooth edge ones since the iPhone 6. 5.4-inch iPhone 12... ,https://forums.hardwarezone.com.sg/eat-drink-man-woman-16/apple-iphone-12-design-leaked-6311738.html
"iPhone 12 Pro Design, Release Date Leaked - Latin Times",www.latintimes.com/iphone-12-pro-design-release...,"iPhone 12 Pro Design, Release Date Leaked Vianne Burog | Apr 14 2020, 11:55AM EDT Apple is reportedly changing up the design of the iPhone 12 Pro to feature a look... ",https://www.latintimes.com/iphone-12-pro-design-release-date-leaked-457708
Leaked case stickers show 'iPhone 12 mini' name,clicklancashire.com/2020/09/26/leaked-case...,"An image purporting to be of Apple distribution stickers, or labels, includes names for ""iPhone 12"" models, including the recently-rumored ""iPhone 12 mini"". These... ",https://clicklancashire.com/2020/09/26/leaked-case-stickers-show-iphone-12-mini-name.html
Samsung's iPhone 12 challenger shows up again in leaked live ...,www.androidcentral.com/samsungs-upcoming-galaxy...,"Samsung 'accidentally' leaked the Galaxy Note 20 Ultra last week, giving us our first look at the upcoming phone in Mystic Bronze. The first real-world images of the... ",https://www.androidcentral.com/samsungs-upcoming-galaxy-note-20-ultra-leaks-real-life-images
iPhone 12 confirmed for 5G support? Mobile carriers ...,japanese.engadget.com/i-phone-12-confirmed-for-5...,"The iPhone 12 series comes in three screen sizes: 5.4-inch, 6.1-inch, and 6.7-inch. The prediction is that there will be four models in total: the entry-level model with... ",https://japanese.engadget.com/i-phone-12-confirmed-for-5-g-support-mobile-carriers-preparatory-materials-leaked-075604627.html
Snacks Daily - FeedBurner,feeds.feedburner.com/marketsnacks-daily,The secretive tech icon Palantir’s IPO paperwork just un-secretly leaked. Luminar is yet another electric car startup going public through SPAC — except this one shoots... ,http://feeds.feedburner.com/marketsnacks-daily
iPhone Firmware Leaked...,www.reduser.net/forum/showthread.php?15787-i...,"If this is your first visit, be sure to check out the FAQ by clicking the link above. You may have to register before you can post: click the register link above to... ",https://www.reduser.net/forum/showthread.php?15787-iPhone-Firmware-Leaked
"Vivo V20 (2021) could launch soon, specs leaked | BGR India",www.bgr.in/news/vivo-v20-2021-listed-on-geek...,"iPhone 7 at Rs 23,999 on Amazon is a bad BAD purchase in 2020 Moto G 5G: Should you buy it over Poco X3, Realme 7 Pro, Realme X3? Flipkart s Black Friday Sale is an... ",https://www.bgr.in/news/vivo-v20-2021-listed-on-geekbench-specs-leaked-928468-928468/
